###ÄNSI
centrolatino = {
	graphical_cultures = { southerngfx mexicangfx muslimgfx }
	
	centrano = {
		graphical_cultures = { southerngfx occitangfx }
		
		color = { 0.1 0.4 0.7 }
		
		male_names = {
			Adolfo_Adolf Adrián_Adrian Alexis Alfred_Alfred "Alfred Julio" Allan_Alan Álvaro_Alvaro Amado Anastasio Andrés_Andrew "Andrés Ignacio" Antonio_Anthony Armando_Herman Arnoldo_Arnold Arnulfo_Arnulf Arturo_Arthur Astor Augusto_Augustus 
			Benito_Benedict
			Carías Carlos_Charles "Carlos Enrique" "Carlos Mencia" Cayetano_Cajetan Céleo "Cesar Diaz" Cirilo Coronado Crescencio 
			Daniel Diego_James Dieter Dionisio_Dionysus Domingo_Dominic Doroteo Dunia 
			Edmond_Edmund Eduardo_Edward Efraín_Ephraim Elfego Eliseo Emil_Aemilius Enrique_Henry Ernesto_Ernest Escobar Eusebio_Eusebius
			Fabio Federico_Frederick Felipe_Philip Fermín_Firmin Fernando_Ferdinand "Fernando Romeo" Fidel Florencio_Florent Fosi Francisco_Francis 
			Galel Gerardo_Gerard Gilberto_Gilbert Gilbratar Gómez Guillermo_William "Guillermo Dominguez" Gustavo_Gustav "Gustavo Adolfo" 
			Héctor_Hector 
			Ignacio_Ignatius Isaác_Isaac 
			Jacobo_Jacob Jaime_James Jairo Javier_Xavier Joaquín_Joachim Jorge_George "Jorge Mario" José_Joseph "José Adalid" "José Andrés" "José Félix" "José Francisco" "José Inocencio" "José Matías" "José Napoleón" "José Rubén" Juan_John "Juan Federico" "Juan José" "Juan Luis" "Juan Manuel" "Juan Ramón" Julio_Julius Justo "Justo Rufino" 
			Kelvin Kjell 
			Lázaro_Lazarus Limber Luis_Louis "Luis Augusto" 
			Mágico Manlio Manuel_Emmanuel Marco_Mark "Marco Antonio" Mariano_Marianus Mario_Marius Mateo_Matthew Matías_Matthew Mauricio_Maurice Maximiliano_Maximilian Maynor Miguel_Michael "Miguel Ángel" Milton "Milton Javier" Modesto 
			Nahún Nelson Nicolás_Nicholas Ninrrol Norberto_Norbert 
			Óscar_Oscar "Óscar Humberto" "Óscar Mendoza" Osman Otto_Otto "Otto René" 
			Pedro_Peter "Pío Romero" Policarpo Ponciano Porfirio 
			Rafael_Raphael Ramiro Ramón_Raymond Raúl_Ralph René_Rene Robel Roberto_Robert Rodolfo Rodrigo_Roderick Romero Rony Ruben Rutilio
			Sadis Salarrué Salazar Salvador_Salvador Santiago Saul Segundo Sergio_Sergius Shermón_Sherman
			Tiburcio Timoteo_Timothy Tomás_Thomas Toño 
			Vicente_Vincent Victor_Victor Victoriano_Victor Virgilio_Virgil 
			"Wilber Eduardo" 
			Yani 
			
			#Mormon Hotep Names
            Abinadí_Abinadi Abinadom_Abinadom Abraham_Abraham Aha_Ahah
            Amalekí_Amalickiah Amma_Ammah Ammarón_Ammon Amón_Ammon Ammarón_Ammon Amnigadda_Amnigaddah 
            Antiona_Antionah Arqueanto_Archeantus Aquisgrán_Avichen        
            Betuel_Bethuel Cezóram_Cezoram Quemis_Chemish Coriántum_Coriantum Coriántumr_Coriantum Coriantor_Coriantum Cumeníah_Cumenihah
            Elhanan_Elhanan Éter_Ether Ezeuiel_Euzel Ezías_Ezias Esdras_Ezra
            Danilo_Daniel
            Gabrien_Gabrien Giddona_Giddonah Gedeón_Gideon Gilgah_Gilead
            Himni_Himni Hyrum_Hyrum
            Jeremías_Jeremiah Jehoshua_Joshua Josué_Joshua Judá_Judah            
            Katriel_Katriel Arrodillo_Kneel Kumen_Kumenonhi Kumenoni_Kumenonhi
            Laconeo_Lachoneus Lama_Lamah 
            Maha_Mahah Matoníah_Mathonihah Mathoni_Mathonihah Mormón_Mormon Moroni_Moron Moroníah_Moron Moisés_Moses Mosíah_Moses Mulek_Muloki Muloki_Muloki
            Nashoba_Nashoba Nehemías_Nehemiah Nefi_Nephi Nefíah_Nephi Nimra_Nimrah Nínive_Niniva Noé_Noah         
            Omni_Omni Orem Oríah_Orihah
            Pacumeni_Pacumeni
            Sem_Shemnon Shemnón_Shemnon Shiblom_Shiblom Shiblón_Shiblom
            Tabernáculo_Tabernacle Templario_Templer Teómner_Teomner Diezmo_Tithing
            Zarahemla_Zarahemla Sedequías_Zedekiah Zeezrom_Zeezrom Zekiel_Zekiel Zoram_Zoram 		
	
		}
			
		female_names = {
			Adela_Adelia Aguas Aida "Aida Karina" Alba Alcina Ale Alejandra_Alexandra Alessandra_Alexandra Amanda Ana_Anne "Ana Cristina" "Ana García" "Ana Luisa" "Ana María" "Ana Regina" "Ana Rivas" "Ana Vilma" Andrea Anita_Anna Aurore 
			Banthita "Banthita Janphon" Bertha Blanca 
			Carmel Carol_Caroline Catarina_Catherine Cáthia Cecilia Claribel Claudia Consuelo Corina 
			Dania "Dania Patricia" Daphne Dina 
			Elba Elena Eleonora Elisa Elvia Emma Eva Evelyn 
			Fabiola Francesca_Frances
			Gabriela_Gabriele Gabriele_Gabriele Gaby_Gabriele Georgina Gilma "Gilma Robles" Gina Giovanna 
			Helen_Helen Hipólita 
			Ilma Ingrid Inocete Iris Irma Isabella_Isabelle 
			Jacinta Jeimy Jessica_Jessica Joselina Josii-Ann Juana_Joan Julieta_Juliet Juliza_Julia 
			Kaila Karina Kellee Keylin 
			Larissa Laura Leticia Lilian_Lillian Loly Lorena_Lauren Lourdes Lucila Luisa_Louise
			Magda Manon Marcela Margarita_Margaret María_Mary "María Josefa" "Maria Luisa" Maribel "Maribel Vasquez" Maricel "Maricel Rosales" Marisol Marlen Martina_Martina Mary Matilde_Matilda Mayella Mayra Melanie Mercedez Michelle Milena Miriam Mita Myrna 
			Nadia Nataly_Natalie Neida Nina Nineth Noemi Nora Norma 
			Olivia Otilia 
			Patricia Paulette Perla Prudencia 
			Raquel_Rachel "Raquel Roxanne" Rebeca_Rebecca Regina "Regina José" Rigoberta Rocsi Rogelia Rosa_Rose "Rosa Elena" "Rosa Judith" Rosalina_Rosalind Rosibel Roxana_Roxanne Rufina 
			Sabi Sadia Sandra Sara_Sarah Sarai Satcha Shery Shiraine Silvia Siomara Sirena Soluna Somaya 
			Tania_Antonia Tysha 
			Vane Vanessa Victoria_Victoria Vilma 
			Waldina 
			Ximena Xiomara 
			Yadira Yessenia 
			"Zoad Nataly" Zury
			
			#Mormon Hotep Names
			Beneth_Beneth Bendición_Blessing Celestian_Celestian Diciembre_Cember 
			Chassia_Chassia Cristina_Christina Cleota_Cleota Cumora_Cumorah 
            Dalila_Delilah Deza_Deza Diona_Diona Ester_Esther Geaniel_Geaniel 
            Daniela_Danielle Diana_Diana Dina Dinorah Dominga
            Anita_Hannah Isha_Isha
            Jelisa_Jelisa Jemina_Jemima Jessel_Jesselah Jordana_Jordana Jubilea_Jubeltine
            Jazmín_Jasmine Jordana_Jordana 
            Lethe_Lethea
            Morona_Morona 
            Naamah_Naamah Noemí_Naomi Nohemi_Naomi Natali_Natalie    
            Oshira_Oshira 
            Palmira_Palmyra
            Samila_Samila Saríah_Sariah Semíramis_Semiramis Serah_Serah 
            Tempali_Tempalia Tempalia_Tempalia Yasmine_Jasmine Yazmin_Jasmine
            Zenobia_Zenobia Zerúa_Zeruah Ziona_Ziona
		}
		
		from_dynasty_prefix = "de "
		
		male_patronym = "hijo de "
		female_patronym = "hija de "
		prefix = yes

		pat_grf_name_chance = 45
		mat_grf_name_chance = 15
		father_name_chance = 30
		
		pat_grm_name_chance = 40
		mat_grm_name_chance = 10
		mother_name_chance = 40

		modifier = default_culture_modifier
	}
	
	istmeno = {
		graphical_cultures = { southerngfx occitangfx }
		
		color = { 0.6 0.9 0.9 }
		
		male_names = {
			Aaron_Aaron Adelmo Adolfo Alajandro_Alexander Alberto_Albert Alejandro_Alexander Alfonso_Alphonse Alfredo_Alfred Allan_Alan Alonso Alvarez Alvaro Andre_Andrew Andrés_Andrew Ángel_Angel Angelo_Angel Anthony_Anthony Aquileo Arnulfo Arsenio 
			Bayano Belisario_Belisarius Benicio Braulio Brian 
			Campos Carlos_Charles Castro Chafil Charlie_Charles Chavela Clau Clodomiro Concepción Cruz Cruze 
			Danilo_Daniel Darryn David_David Diego_James Domingo_Dominic
			Édgar_Edgar Edwardo_Edward Edwin Eliseo Emmanuel Enrique_Henry Ernesto Esteban_Stephen Estefan_Stephen Estevan_Stephen Eusebio Ezeuiel 
			Felipe_Philip Felipo_Philip Felix Fernando_Ferdinand Floyd Fortunato Francisco_Francis 
			Gabriel_Gabriel Gaspar_Casper Gerardo_Gerard Grego_Gregory Greivin Guillermo_William 
			Harmodio Hector_Hector Hilario_Hilarius Hugo_Hugh
			Ignacio_Ignatius Isidro_Isidore
			Jacián Jaime_James Javier_Xavier Jeremías_Jeremiah Jhon_John Joaquin Joaquín Joiner Jonathan_Jonathan Jordan_Jordan Jorge_George José_Joseph Josimar Juan_John Julian_Julius Julio_Julius 
			Kevyn_Kevin Keylor Leonardo_Leonard Levi Luis_Louis 
			Machiel Maniá Manuel_Emmanuel Mao Marcelo_Marcellus Marco_Mark Marlon Martín_Martin Mateo Mauricio_Maurice Miguel_Michael
			Nando_Ferdinand Nicolao_Nicholas Nicolas_Nicholas Nidio Nilhs 
			Orlando_Roland Óscar_Oscar Oziel 
			Pablo_Paul Paul Paz Pedrarias Pedro_Peter Picado 
			Rafael_Raphael Ramiro Ramón_Raymond Raul_Ralph Rebessi Ricardo_Richard Roberto_Robert Rodolfo_Rudolph Rolando_Roland Romeo Rommel Rouro Rubén_Ruben Rudy_Rudolph 
			Salazar Sebastian_Sebastian Sergio_Sergius Sevastián_Sebastian 
			Teodorico_Theodorich Tigrí Tomás_Thomas 
			Ubarragá Urracá 
			Valeriano_Valerian Victor_Victor Víctor_Victor Victoriano
			Westenbe William_William 
			Xavier 
			Yonder 
			
			#Mormon Hotep Names
            Abinadí_Abinadi Abinadom_Abinadom Abraham_Abraham Aha_Ahah
            Amalekí_Amalickiah Amma_Ammah Ammarón_Ammon Amón_Ammon Ammarón_Ammon Amnigadda_Amnigaddah 
            Antiona_Antionah Arqueanto_Archeantus Aquisgrán_Avichen        
            Betuel_Bethuel Cezóram_Cezoram Quemis_Chemish Coriántum_Coriantum Coriántumr_Coriantum Coriantor_Coriantum Cumeníah_Cumenihah
            Elhanan_Elhanan Éter_Ether Ezeuiel_Euzel Ezías_Ezias Esdras_Ezra
            Danilo_Daniel
            Gabrien_Gabrien Giddona_Giddonah Gedeón_Gideon Gilgah_Gilead
            Himni_Himni Hyrum_Hyrum
            Jeremías_Jeremiah Jehoshua_Joshua Josué_Joshua Judá_Judah            
            Katriel_Katriel Arrodillo_Kneel Kumen_Kumenonhi Kumenoni_Kumenonhi
            Laconeo_Lachoneus Lama_Lamah 
            Maha_Mahah Matoníah_Mathonihah Mathoni_Mathonihah Mormón_Mormon Moroni_Moron Moroníah_Moron Moisés_Moses Mosíah_Moses Mulek_Muloki Muloki_Muloki
            Nashoba_Nashoba Nehemías_Nehemiah Nefi_Nephi Nefíah_Nephi Nimra_Nimrah Nínive_Niniva Noé_Noah         
            Omni_Omni Orem Oríah_Orihah
            Pacumeni_Pacumeni
            Sem_Shemnon Shemnón_Shemnon Shiblom_Shiblom Shiblón_Shiblom
            Tabernáculo_Tabernacle Templario_Templer Teómner_Teomner Diezmo_Tithing
            Zarahemla_Zarahemla Sedequías_Zedekiah Zeezrom_Zeezrom Zekiel_Zekiel Zoram_Zoram 
		}
			
		female_names = {
			Adelgonda Adolfa Adolfina Adriana Agata Agatha Aitana Alba Alegría Alejandra_Alexandra Alexa_Alexandra Alicia_Alice Ana Anahi Andrea Angela_Angela Annie_Anne Anyi Arsenia Ascencion Asuncion 
			Beatriz_Beatrice Belia 
			Camilla Carmen Cata Chloé_Chloe Cinthya Claudia Cristina_Christina
			Daniela_Danielle Daphne Diana_Diana Dina Dinorah Dominga 
			Elena_Helen Elizabeth Esefania_Stephanie Estefani_Stephanie Estefania_Stephanie Estella Ester_Esther Eva Evita 
			Giannina Grecia Guadalupe 
			Ingrid Irene Irichelle Isabel_Isabelle Isabella_Isabelle Ivelisse Ivy 
			Jacqueline Jane Jasleen Jazmín_Jasmine Jocelyn Jordana_Jordana Joselin Josenith Justine 
			Karen Karla_Charlotte Katherione_Catherine Kathy_Catherine Kayla Kenya Kimberly 
			Laura Libia Lidia_Lydia Lily_Lillian Lola Lorena_Lauren Lorna Lucia_Lucy Luisa_Louise
			Mabel Manuela Maria Mariam Maribel Maribelle Marilyn Maritza Markita Marlen Mary Melissa Merce Mercedes Mey Milena Mireya Monique Monserrat 
			Nadia Natalia_Natalie Natalie_Natalie Nazareth Noilyn 
			Ofelia_Ophelia Olevia Olga 
			Pabla Pamela Paulette Paz Pilar 
			Reina Roberta Rosa_Rose Roxana_Roxanne
			Sakura Sara_Sarah Savannah Sierra Sileny Sofia Stephanie Stephany Sylvia 
			Teresa_Theresa Tica Tierra 
			Vanessa Veronica 
			Xaviera Ximena 
			Yamilex Yanina Yazmin Yendry Yvelis Yvelisse 
			
			#Mormon Hotep Names
			Beneth_Beneth Bendición_Blessing Celestian_Celestian Diciembre_Cember 
			Chassia_Chassia Cristina_Christina Cleota_Cleota Cumora_Cumorah 
            Dalila_Delilah Deza_Deza Diona_Diona Ester_Esther Geaniel_Geaniel 
            Daniela_Danielle Diana_Diana Dina Dinorah Dominga
            Anita_Hannah Isha_Isha
            Jelisa_Jelisa Jemina_Jemima Jessel_Jesselah Jordana_Jordana Jubilea_Jubeltine
            Jazmín_Jasmine Jordana_Jordana 
            Lethe_Lethea
            Morona_Morona 
            Naamah_Naamah Noemí_Naomi Nohemi_Naomi Natali_Natalie    
            Oshira_Oshira 
            Palmira_Palmyra
            Samila_Samila Saríah_Sariah Semíramis_Semiramis Serah_Serah 
            Tempali_Tempalia Tempalia_Tempalia Yasmine_Jasmine Yazmin_Jasmine
            Zenobia_Zenobia Zerúa_Zeruah Ziona_Ziona
		}
		
		from_dynasty_prefix = "de "
		
		male_patronym = "hijo de "
		female_patronym = "hija de "
		prefix = yes

		pat_grf_name_chance = 45
		mat_grf_name_chance = 15
		father_name_chance = 30
		
		pat_grm_name_chance = 40
		mat_grm_name_chance = 10
		mother_name_chance = 40

		modifier = default_culture_modifier
	}
	
	filastino = {
		graphical_cultures = { andalusiangfx muslimgfx }
		unit_graphical_cultures = { muslimgfx }
		
		color = { 0.4 0.6 0.1 } # same as vanilla andalusian
		
		male_names = {
			Abdalá_Abdullah Abdel_Abdul Abdul-Aziz Abu-Bakr Ahmad Alberto_Albert Alejandro_Alexander Alí_Ali Amir Anwar Anuar Arturo_Arthur Andonie
			Bashar Bejos
			Carlos_Charles
			Daniel Daúd_David
			Edmundo_Edmund Eduardo_Edward Efraín_Ephraim Elías_Elijah Enrique_Henry
			Fadi Farid Fauzi Felipe_Philip Francisco_Francis Fuad Fares Félix
			Gabriel_Gabriel Ghazi Gibrán Guillermo_William
			Hussayn_Hussein
			Ibrahim_Abraham Isma'il_Ishmael Isaac Issam
			Jaime_James Jamil Javier_Xavier Jerónimo_Jerome Jesús_Jesus Jorge_George José_Joseph Juan_John
			Kamel Khalid
			Luis_Louis
			Manuel_Emmanuel Matías_Matthew Miguel_Michael Muhammad_Muhammad Musa_Moses Mustafá_Mustafa Miguel_Michael
			Nabil Nacif Nakhoul Nasri Naufal Nayib Nicolás_Nicholas
			Omar Óscar_Oscar Osman
			Pedro_Peter
			Raduan Raed Rafael_Raphael Rakad Raúl_Raul Ricardo_Richard Roberto_Robert
			Salahaddin Salazar Salim Salomón_Solomon Samir Schafik Shafik_Schafik
			Tarek Taufic Tomás_Thomas
			Walid
			Yasser
			Zaidan
			
			#Mormon Hotep Names
            Abinadí_Abinadi Abinadom_Abinadom Abraham_Abraham Aha_Ahah
            Amalekí_Amalickiah Amma_Ammah Ammarón_Ammon Amón_Ammon Ammarón_Ammon Amnigadda_Amnigaddah 
            Antiona_Antionah Arqueanto_Archeantus Aquisgrán_Avichen        
            Betuel_Bethuel Cezóram_Cezoram Quemis_Chemish Coriántum_Coriantum Coriántumr_Coriantum Coriantor_Coriantum Cumeníah_Cumenihah
            Elhanan_Elhanan Éter_Ether Ezeuiel_Euzel Ezías_Ezias Esdras_Ezra
            Danilo_Daniel
            Gabrien_Gabrien Giddona_Giddonah Gedeón_Gideon Gilgah_Gilead
            Himni_Himni Hyrum_Hyrum
            Jeremías_Jeremiah Jehoshua_Joshua Josué_Joshua Judá_Judah            
            Katriel_Katriel Arrodillo_Kneel Kumen_Kumenonhi Kumenoni_Kumenonhi
            Laconeo_Lachoneus Lama_Lamah 
            Maha_Mahah Matoníah_Mathonihah Mathoni_Mathonihah Mormón_Mormon Moroni_Moron Moroníah_Moron Moisés_Moses Mosíah_Moses Mulek_Muloki Muloki_Muloki
            Nashoba_Nashoba Nehemías_Nehemiah Nefi_Nephi Nefíah_Nephi Nimra_Nimrah Nínive_Niniva Noé_Noah         
            Omni_Omni Orem Oríah_Orihah
            Pacumeni_Pacumeni
            Sem_Shemnon Shemnón_Shemnon Shiblom_Shiblom Shiblón_Shiblom
            Tabernáculo_Tabernacle Templario_Templer Teómner_Teomner Diezmo_Tithing
            Zarahemla_Zarahemla Sedequías_Zedekiah Zeezrom_Zeezrom Zekiel_Zekiel Zoram_Zoram 
		}
		
		female_names = {
			Aisha Aliyah Anabella
			Beatriz_Beatrice Bechara
			Camilla_Camilla Carmen Celina
			Daniela Daphne Dina
			Evelyn
			Fatima_Fatima
			Gabriela_Gabriela Giamile
			Herlinda
			Ikram Isabella_Isabelle
			Josefa
			Kamala
			Lina Laura
			Majida Malika Mariam_Mary Muna
			Nadia Nagwa Najela Natalia_Natalie Nazareth
			Patricia
			Rabiya Raghda Raquel_Rachel Rosa_Rose Rosalina Ruba
			Sama Salma Sarah Shakira
			Tania
			Victoria
			Yasmin_Jasmine
			Zahra
			
			#Mormon Hotep Names
			Beneth_Beneth Bendición_Blessing Celestian_Celestian Diciembre_Cember 
			Chassia_Chassia Cristina_Christina Cleota_Cleota Cumora_Cumorah 
            Dalila_Delilah Deza_Deza Diona_Diona Ester_Esther Geaniel_Geaniel 
            Daniela_Danielle Diana_Diana Dina Dinorah Dominga
            Anita_Hannah Isha_Isha
            Jelisa_Jelisa Jemina_Jemima Jessel_Jesselah Jordana_Jordana Jubilea_Jubeltine
            Jazmín_Jasmine Jordana_Jordana 
            Lethe_Lethea
            Morona_Morona 
            Naamah_Naamah Noemí_Naomi Nohemi_Naomi Natali_Natalie    
            Oshira_Oshira 
            Palmira_Palmyra
            Samila_Samila Saríah_Sariah Semíramis_Semiramis Serah_Serah 
            Tempali_Tempalia Tempalia_Tempalia Yasmine_Jasmine Yazmin_Jasmine
            Zenobia_Zenobia Zerúa_Zeruah Ziona_Ziona
		}
		
		from_dynasty_prefix = "de "
		
		male_patronym = "ibn "
		female_patronym = "bint "
		prefix = yes
		
		dynasty_title_names = yes

		modifier = default_culture_modifier

		pat_grf_name_chance = 60
		mat_grf_name_chance = 20
		father_name_chance = 10
		
		pat_grm_name_chance = 40
		mat_grm_name_chance = 20
		mother_name_chance = 30
	}

	nicoyano = { #Placeholder 
		graphical_cultures = { southerngfx occitangfx }
		
		color = { 0.1 0.4 0.7 }
		
		male_names = {
			Abdenago Adolfo_Adolf Adrián_Adrian Alexis Alfred_Alfred "Alfred Julio" Allan_Alan Álvaro_Alvaro Alcides Aquileo Amado Anastasio Andrés_Andrew "Andrés Ignacio" Antonio_Anthony Armando_Herman Arnoldo_Arnold Arnulfo_Arnulf Arturo_Arthur Arquímedes Astor Augusto_Augustus 
			Benito_Benedict
			Carías Camilo Carlos_Charles "Carlos Enrique" "Carlos Mencia" Cayetano_Cajetan Céleo "Cesar Diaz" Cirilo Coronado Crescencio 
			Daniel Darío Delio Diego_James Dieter Dionisio_Dionysus Domingo_Dominic Doroteo Dunia 
			Edmond_Edmund Eduardo_Edward Efraín_Ephraim Elfego Eliseo Eulalio Emil_Aemilius Enrique_Henry Ernesto_Ernest Escobar Eusebio_Eusebius
			Fabio Federico_Frederick Felipe_Philip Fermín_Firmin Fernando_Ferdinand "Fernando Romeo" Fidel Florencio_Florent Fosi Francisco_Francis 
			Galel Gerardo_Gerard Gilberto_Gilbert Gilbratar Gómez Guillermo_William "Guillermo Dominguez" Gustavo_Gustav "Gustavo Adolfo" 
			Héctor_Hector 
			Ignacio_Ignatius Isaác_Isaac Isidoro
			Jacobo_Jacob Jaime_James Jairo Javier_Xavier Jesús Joaquín_Joachim Jorge_George "Jorge Mario" José_Joseph "José Adalid" "José Andrés" "José Félix" "José Francisco" "José Inocencio" "José Matías" "José Napoleón" "José Rubén" Juan_John "Juan Federico" "Juan José" "Juan Luis" "Juan Manuel" "Juan Ramón" Julio_Julius Justo "Justo Rufino" 
			Kelvin Kjell 
			Lázaro_Lazarus Laureano Limber Luis_Louis "Luis Augusto" 
			Mágico Manlio Manuel_Emmanuel Marco_Mark "Marco Antonio" Mariano_Marianus Mario_Marius Mateo_Matthew Matías_Matthew Mauricio_Maurice Maximiliano_Maximilian Maynor Miguel_Michael "Miguel Ángel" Milton "Milton Javier" Medardo Modesto
			Nahún Nelson Nicolás_Nicholas Ninrrol Norberto_Norbert 
			Óscar_Oscar "Óscar Humberto" "Óscar Mendoza" Osman Otto_Otto "Otto René" 
			Pedro_Peter "Pío Romero" Policarpo Ponciano Porfirio 
			Rafael_Raphael Ramiro Ramón_Raymond Raúl_Ralph René_Rene Robel Roberto_Robert Rodolfo Rodrigo_Roderick Romero Rony Rubén Rutilio
			Sadis Salarrué Salazar Salvador_Salvador Santiago Saul Segundo Sergio_Sergius Shermón_Sherman
			Teodoro Tiburcio Timoteo_Timothy Tomás_Thomas Toño 
			Ulpiano
			Vicente_Vincent Victor_Victor Victoriano_Victor Virgilio_Virgil
			"Wilber Eduardo" 
			Yani 
			
			#Mormon Hotep Names
            Abinadí_Abinadi Abinadom_Abinadom Abraham_Abraham Aha_Ahah
            Amalekí_Amalickiah Amma_Ammah Ammarón_Ammon Amón_Ammon Ammarón_Ammon Amnigadda_Amnigaddah 
            Antiona_Antionah Arqueanto_Archeantus Aquisgrán_Avichen        
            Betuel_Bethuel Cezóram_Cezoram Quemis_Chemish Coriántum_Coriantum Coriántumr_Coriantum Coriantor_Coriantum Cumeníah_Cumenihah
            Elhanan_Elhanan Éter_Ether Ezeuiel_Euzel Ezías_Ezias Esdras_Ezra
            Danilo_Daniel
            Gabrien_Gabrien Giddona_Giddonah Gedeón_Gideon Gilgah_Gilead
            Himni_Himni Hyrum_Hyrum
            Jeremías_Jeremiah Jehoshua_Joshua Josué_Joshua Judá_Judah            
            Katriel_Katriel Arrodillo_Kneel Kumen_Kumenonhi Kumenoni_Kumenonhi
            Laconeo_Lachoneus Lama_Lamah 
            Maha_Mahah Matoníah_Mathonihah Mathoni_Mathonihah Mormón_Mormon Moroni_Moron Moroníah_Moron Moisés_Moses Mosíah_Moses Mulek_Muloki Muloki_Muloki
            Nashoba_Nashoba Nehemías_Nehemiah Nefi_Nephi Nefíah_Nephi Nimra_Nimrah Nínive_Niniva Noé_Noah         
            Omni_Omni Orem Oríah_Orihah
            Pacumeni_Pacumeni
            Sem_Shemnon Shemnón_Shemnon Shiblom_Shiblom Shiblón_Shiblom
            Tabernáculo_Tabernacle Templario_Templer Teómner_Teomner Diezmo_Tithing
            Zarahemla_Zarahemla Sedequías_Zedekiah Zeezrom_Zeezrom Zekiel_Zekiel Zoram_Zoram 		
	
		}
			
		female_names = {
			Adela_Adelia Aguas Aida "Aida Karina" Alcina Ale Alejandra_Alexandra Alessandra_Alexandra Amanda Amparo Ana_Anne "Ana Cristina" "Ana García" "Ana Luisa" "Ana María" "Ana Regina" "Ana Rivas" "Ana Vilma" Andrea Anita_Anna Antonia Aurore 
			Banthita "Banthita Janphon" Bertha Blanca Bernabela 
			Carmel Carmen Carol_Caroline Catarina_Catherine Cáthia Cecilia Claribel Claudia Consuelo Corina 
			Dania "Dania Patricia" Daphne Dina 
			Elba Elena Eleonora Elisa Elvia Emma Eva Evelyn Edith Eunice
			Fabiola Francesca_Frances Fanny
			Gabriela_Gabriele Gabriele_Gabriele Gaby_Gabriele Georgina Gilma "Gilma Robles" Gina Giovanna 
			Helen_Helen Hipólita  Hada
			Ilma Ingrid Inocete Iris Irma Isabella_Isabelle 
			Jacinta Jeimy Jessica_Jessica Joselina Josii-Ann Juana_Joan Julieta_Juliet Juliza_Julia 
			Kaila Karina Kellee Keylin 
			Larissa Laura Leticia Lilian_Lillian Loly Lorena_Lauren Laurencia_Lauren Lourdes Lucila Luisa_Louise
			Magda Manon Marcela Margarita_Margaret María_Mary "María Josefa" "Maria Luisa" Maribel "Maribel Vasquez" Maricel "Maricel Rosales" Marisol Marlene Martina_Martina Mary Matilde_Matilda Mayella Mélida Melanie Michelle Milena Miriam Mita Mireya Myrna 
			Nadia Nataly_Natalie Neida Nina Nineth Noemi Nora Norma 
			Olivia Otilia  Orfilia
			Patricia Paulette Perla Prudencia 
			Raquel_Rachel "Raquel Roxanne" Rebeca_Rebecca Regina "Regina José" Rigoberta Rita Rocsi Rogelia Rosa_Rose "Rosa Elena" "Rosa Judith" Rosalina_Rosalind Rosibel Roxana_Roxanne Rufina Rosabela_Rosa
			Sabi Sadia Sandra Sara_Sarah Sarai Satcha Shery Shiraine Silvia Siomara Soluna Somaya Socorro 
			Tania_Antonia Tysha Trinidad
			Vane Vanessa Victoria_Victoria Vilma 
			Waldina 
			Ximena Xiomara 
			Yadira Yessenia Yolanda "Yolanda Eunice"
			"Zoad Nataly" Zury
			
			#Mormon Hotep Names
			Beneth_Beneth Bendición_Blessing Celestian_Celestian Diciembre_Cember 
			Chassia_Chassia Cristina_Christina Cleota_Cleota Cumora_Cumorah 
            Dalila_Delilah Deza_Deza Diona_Diona Ester_Esther Geaniel_Geaniel 
            Daniela_Danielle Diana_Diana Dina Dinorah Dominga
            Anita_Hannah Isha_Isha
            Jelisa_Jelisa Jemina_Jemima Jessel_Jesselah Jordana_Jordana Jubilea_Jubeltine
            Jazmín_Jasmine Jordana_Jordana 
            Lethe_Lethea
            Morona_Morona 
            Naamah_Naamah Noemí_Naomi Nohemi_Naomi Natali_Natalie    
            Oshira_Oshira 
            Palmira_Palmyra
            Samila_Samila Saríah_Sariah Semíramis_Semiramis Serah_Serah 
            Tempali_Tempalia Tempalia_Tempalia Yasmine_Jasmine Yazmin_Jasmine
            Zenobia_Zenobia Zerúa_Zeruah Ziona_Ziona
		}
		
		from_dynasty_prefix = "de "
		
		male_patronym = "hijo de "
		female_patronym = "hija de "
		prefix = yes

		pat_grf_name_chance = 45
		mat_grf_name_chance = 15
		father_name_chance = 30
		
		pat_grm_name_chance = 40
		mat_grm_name_chance = 10
		mother_name_chance = 40

		modifier = default_culture_modifier
	}
	
	trifinio = { #Placeholder
		graphical_cultures = { southerngfx occitangfx }
		
		color = { 0.1 0.4 0.7 }
		
		male_names = {
			Adolfo_Adolf Adrián_Adrian Alexis Alfred_Alfred "Alfred Julio" Allan_Alan Álvaro_Alvaro Amado Anastasio Andrés_Andrew "Andrés Ignacio" Antonio_Anthony Armando_Herman Arnoldo_Arnold Arnulfo_Arnulf Arturo_Arthur Astor Augusto_Augustus 
			Benito_Benedict
			Carías Carlos_Charles "Carlos Enrique" "Carlos Mencia" Cayetano_Cajetan Céleo "Cesar Diaz" Cirilo Coronado Crescencio 
			Daniel Diego_James Dieter Dionisio_Dionysus Domingo_Dominic Doroteo Dunia 
			Edmond_Edmund Eduardo_Edward Efraín_Ephraim Elfego Eliseo Emil_Aemilius Enrique_Henry Ernesto_Ernest Escobar Eusebio_Eusebius
			Fabio Federico_Frederick Felipe_Philip Fermín_Firmin Fernando_Ferdinand "Fernando Romeo" Fidel Florencio_Florent Fosi Francisco_Francis 
			Galel Gerardo_Gerard Gilberto_Gilbert Gilbratar Gómez Guillermo_William "Guillermo Dominguez" Gustavo_Gustav "Gustavo Adolfo" 
			Héctor_Hector 
			Ignacio_Ignatius Isaác_Isaac 
			Jacobo_Jacob Jaime_James Jairo Javier_Xavier Joaquín_Joachim Jorge_George "Jorge Mario" José_Joseph "José Adalid" "José Andrés" "José Félix" "José Francisco" "José Inocencio" "José Matías" "José Napoleón" "José Rubén" Juan_John "Juan Federico" "Juan José" "Juan Luis" "Juan Manuel" "Juan Ramón" Julio_Julius Justo "Justo Rufino" 
			Kelvin Kjell 
			Lázaro_Lazarus Limber Luis_Louis "Luis Augusto" 
			Mágico Manlio Manuel_Emmanuel Marco_Mark "Marco Antonio" Mariano_Marianus Mario_Marius Mateo_Matthew Matías_Matthew Mauricio_Maurice Maximiliano_Maximilian Maynor Miguel_Michael "Miguel Ángel" Milton "Milton Javier" Modesto 
			Nahún Nelson Nicolás_Nicholas Ninrrol Norberto_Norbert 
			Óscar_Oscar "Óscar Humberto" "Óscar Mendoza" Osman Otto_Otto "Otto René" 
			Pedro_Peter "Pío Romero" Policarpo Ponciano Porfirio 
			Rafael_Raphael Ramiro Ramón_Raymond Raúl_Ralph René_Rene Robel Roberto_Robert Rodolfo Rodrigo_Roderick Romero Rony Ruben Rutilio
			Sadis Salarrué Salazar Salvador_Salvador Santiago Saul Segundo Sergio_Sergius Shermón_Sherman
			Tiburcio Timoteo_Timothy Tomás_Thomas Toño 
			Vicente_Vincent Victor_Victor Victoriano_Victor Virgilio_Virgil 
			"Wilber Eduardo" 
			Yani 
			
			#Mormon Hotep Names
            Abinadí_Abinadi Abinadom_Abinadom Abraham_Abraham Aha_Ahah
            Amalekí_Amalickiah Amma_Ammah Ammarón_Ammon Amón_Ammon Ammarón_Ammon Amnigadda_Amnigaddah 
            Antiona_Antionah Arqueanto_Archeantus Aquisgrán_Avichen        
            Betuel_Bethuel Cezóram_Cezoram Quemis_Chemish Coriántum_Coriantum Coriántumr_Coriantum Coriantor_Coriantum Cumeníah_Cumenihah
            Elhanan_Elhanan Éter_Ether Ezeuiel_Euzel Ezías_Ezias Esdras_Ezra
            Danilo_Daniel
            Gabrien_Gabrien Giddona_Giddonah Gedeón_Gideon Gilgah_Gilead
            Himni_Himni Hyrum_Hyrum
            Jeremías_Jeremiah Jehoshua_Joshua Josué_Joshua Judá_Judah            
            Katriel_Katriel Arrodillo_Kneel Kumen_Kumenonhi Kumenoni_Kumenonhi
            Laconeo_Lachoneus Lama_Lamah 
            Maha_Mahah Matoníah_Mathonihah Mathoni_Mathonihah Mormón_Mormon Moroni_Moron Moroníah_Moron Moisés_Moses Mosíah_Moses Mulek_Muloki Muloki_Muloki
            Nashoba_Nashoba Nehemías_Nehemiah Nefi_Nephi Nefíah_Nephi Nimra_Nimrah Nínive_Niniva Noé_Noah         
            Omni_Omni Orem Oríah_Orihah
            Pacumeni_Pacumeni
            Sem_Shemnon Shemnón_Shemnon Shiblom_Shiblom Shiblón_Shiblom
            Tabernáculo_Tabernacle Templario_Templer Teómner_Teomner Diezmo_Tithing
            Zarahemla_Zarahemla Sedequías_Zedekiah Zeezrom_Zeezrom Zekiel_Zekiel Zoram_Zoram 		
	
		}
			
		female_names = {
			Adela_Adelia Aguas Aida "Aida Karina" Alba Alcina Ale Alejandra_Alexandra Alessandra_Alexandra Amanda Ana_Anne "Ana Cristina" "Ana García" "Ana Luisa" "Ana María" "Ana Regina" "Ana Rivas" "Ana Vilma" Andrea Anita_Anna Aurore 
			Banthita "Banthita Janphon" Bertha Blanca 
			Carmel Carol_Caroline Catarina_Catherine Cáthia Cecilia Claribel Claudia Consuelo Corina 
			Dania "Dania Patricia" Daphne Dina 
			Elba Elena Eleonora Elisa Elvia Emma Eva Evelyn 
			Fabiola Francesca_Frances
			Gabriela_Gabriele Gabriele_Gabriele Gaby_Gabriele Georgina Gilma "Gilma Robles" Gina Giovanna 
			Helen_Helen Hipólita 
			Ilma Ingrid Inocete Iris Irma Isabella_Isabelle 
			Jacinta Jeimy Jessica_Jessica Joselina Josii-Ann Juana_Joan Julieta_Juliet Juliza_Julia 
			Kaila Karina Kellee Keylin 
			Larissa Laura Leticia Lilian_Lillian Loly Lorena_Lauren Lourdes Lucila Luisa_Louise
			Magda Manon Marcela Margarita_Margaret María_Mary "María Josefa" "Maria Luisa" Maribel "Maribel Vasquez" Maricel "Maricel Rosales" Marisol Marlen Martina_Martina Mary Matilde_Matilda Mayella Mayra Melanie Mercedez Michelle Milena Miriam Mita Myrna 
			Nadia Nataly_Natalie Neida Nina Nineth Noemi Nora Norma 
			Olivia Otilia 
			Patricia Paulette Perla Prudencia 
			Raquel_Rachel "Raquel Roxanne" Rebeca_Rebecca Regina "Regina José" Rigoberta Rocsi Rogelia Rosa_Rose "Rosa Elena" "Rosa Judith" Rosalina_Rosalind Rosibel Roxana_Roxanne Rufina 
			Sabi Sadia Sandra Sara_Sarah Sarai Satcha Shery Shiraine Silvia Siomara Sirena Soluna Somaya 
			Tania_Antonia Tysha 
			Vane Vanessa Victoria_Victoria Vilma 
			Waldina 
			Ximena Xiomara 
			Yadira Yessenia 
			"Zoad Nataly" Zury
			
			#Mormon Hotep Names
			Beneth_Beneth Bendición_Blessing Celestian_Celestian Diciembre_Cember 
			Chassia_Chassia Cristina_Christina Cleota_Cleota Cumora_Cumorah 
            Dalila_Delilah Deza_Deza Diona_Diona Ester_Esther Geaniel_Geaniel 
            Daniela_Danielle Diana_Diana Dina Dinorah Dominga
            Anita_Hannah Isha_Isha
            Jelisa_Jelisa Jemina_Jemima Jessel_Jesselah Jordana_Jordana Jubilea_Jubeltine
            Jazmín_Jasmine Jordana_Jordana 
            Lethe_Lethea
            Morona_Morona 
            Naamah_Naamah Noemí_Naomi Nohemi_Naomi Natali_Natalie    
            Oshira_Oshira 
            Palmira_Palmyra
            Samila_Samila Saríah_Sariah Semíramis_Semiramis Serah_Serah 
            Tempali_Tempalia Tempalia_Tempalia Yasmine_Jasmine Yazmin_Jasmine
            Zenobia_Zenobia Zerúa_Zeruah Ziona_Ziona
		}
		
		from_dynasty_prefix = "de "
		
		male_patronym = "hijo de "
		female_patronym = "hija de "
		prefix = yes

		pat_grf_name_chance = 45
		mat_grf_name_chance = 15
		father_name_chance = 30
		
		pat_grm_name_chance = 40
		mat_grm_name_chance = 10
		mother_name_chance = 40

		modifier = default_culture_modifier
	}

	mekatelyu = {
		graphical_cultures = { africangfx }
		unit_graphical_cultures = { westafricangfx africangfx }


		color = { 0 0.85 0.16 }	

		male_names = {
			Alexander_Alexander Alex_Alexander Arturo_Arthur Ansell Antonio_Anthony Antony Arnold_Arnold Aston Audley Augustín_Augustus
			Ben_Benjamin Bernard_Bernard Brendan Brian
			Carlos_Charles Cecil Christopher_Christopher Clancy Clarence Claudius_Claudius Clayton Clement_Clement Cleon Clifford Clifton Clive Clyde Crispin Colin_Nicholas Conroy Cornwall
			Damián Daryl Delroy Derrick_Theoderic Desberto_Desbert Desmond Donaldo_Donald Donovan Duncan Dwight
			Earl Edmundo_Edmund Eduardo_EdwardErnesto_Ernest Everton Edison
			Fenton Finley Francisco_Francis Frederick_Frederick
			Garfield Garnet George_George Geraldo_Gerard Glenroy Gordon
			Hasely Herberto_Herbert Hilario_Hilarius Horacio_Horace Huberto_Hubert Hernán
			Jack_John Jeffrey_Geoffrey Jerome José_Joseph Judah_Judah Julián Justo_Justin Joel
			Kemar Kenneth Kevin
			Lee Leonardo_Leonard Leroy Lester Lincoln Linton Lloyd Luis_Louis Lynford Lynden
			Mark_Mark Mauricio_Maurice Michael_Michael Milton
			Natán_Nathan Nicolás_Nicholas Nigel Noel Norman_Norman Neri
			Obadele_Obadiah Oliver_Oliver Omar Oswaldo_Oswald
			Patrick_Patrick Pedro_Peter Paulo_Paul
			Quince
			Raymond_Raymond Ricardo_Richard Ripton Roberto_Robert Roger_Roger Ronaldo_Ronald Rupert
			Stafford Esteban_Stephen Stern Stokely Sydney
			Tomás_Thomas Trevor Tyrone
			Vere Vernon Victor_Victor Vicente_Vincent
			Walter_Walter Wilfred William_William Winston Wendell
			
			#Mormon Hotep Names
            Abinadí_Abinadi Abinadom_Abinadom Abraham_Abraham Aha_Ahah
            Amalekí_Amalickiah Amma_Ammah Ammarón_Ammon Amón_Ammon Ammarón_Ammon Amnigadda_Amnigaddah 
            Antiona_Antionah Arqueanto_Archeantus Aquisgrán_Avichen        
            Betuel_Bethuel Cezóram_Cezoram Quemis_Chemish Coriántum_Coriantum Coriántumr_Coriantum Coriantor_Coriantum Cumeníah_Cumenihah
            Elhanan_Elhanan Éter_Ether Ezeuiel_Euzel Ezías_Ezias Esdras_Ezra
            Danilo_Daniel
            Gabrien_Gabrien Giddona_Giddonah Gedeón_Gideon Gilgah_Gilead
            Himni_Himni Hyrum_Hyrum
            Jeremías_Jeremiah Jehoshua_Joshua Josué_Joshua Judá_Judah            
            Katriel_Katriel Arrodillo_Kneel Kumen_Kumenonhi Kumenoni_Kumenonhi
            Laconeo_Lachoneus Lama_Lamah 
            Maha_Mahah Matoníah_Mathonihah Mathoni_Mathonihah Mormón_Mormon Moroni_Moron Moroníah_Moron Moisés_Moses Mosíah_Moses Mulek_Muloki Muloki_Muloki
            Nashoba_Nashoba Nehemías_Nehemiah Nefi_Nephi Nefíah_Nephi Nimra_Nimrah Nínive_Niniva Noé_Noah         
            Omni_Omni Orem Oríah_Orihah
            Pacumeni_Pacumeni
            Sem_Shemnon Shemnón_Shemnon Shiblom_Shiblom Shiblón_Shiblom
            Tabernáculo_Tabernacle Templario_Templer Teómner_Teomner Diezmo_Tithing
            Zarahemla_Zarahemla Sedequías_Zedekiah Zeezrom_Zeezrom Zekiel_Zekiel Zoram_Zoram 
		}
		
		female_names = {
			Alicia_Alice Alison Ángela_Angela Ana_Anna Amber Andrea_Andrea Anita_Anna Anna_Anna Audrey
			Bárbara_Barbara Beatriz_Beatrice Beverly Billie
			Carla_Carol Carolina_Carol Claudia Cynthia
			Débora_Deborah Denise Diana Donna
			Edna Elena_Helen Esther Eugenia Eulalia
			Fé_Fay
			Grace
			Hanna
			Inga Iris Ivy
			Jackie Jamaica Janice Joana_Juana Jennifer_Jennifer Judith
			Karen Kelly
			Leticia_Letitia Lisa Lorena Luisa_Louisa Laura
			Marcia Margarita_Margaret Mariana May_May Melania Melissa Michelle María_Mary Maud Maidela
			Nancy Noemí_Naomi Natalia_Natalie Nicole
			Olivia
			Pamela Patricia_Patricia Paula Pearlette_Pearl Filis_Phyllis Portia Pearl
			Rachel Rita Rosa_Rose Ruth Rosalina
			Sharon Sheila Sheryl Shirley Simona_Simone Sonia Sofia_Sophia Susan_Susan Sylvia Sasha Shirley
			Teresa_Theresa
			Veronica
			Ivana_Yvonne

			#Mormon Hotep Names
			Beneth_Beneth Bendición_Blessing Celestian_Celestian Diciembre_Cember 
			Chassia_Chassia Cristina_Christina Cleota_Cleota Cumora_Cumorah 
            Dalila_Delilah Deza_Deza Diona_Diona Ester_Esther Geaniel_Geaniel 
            Daniela_Danielle Diana_Diana Dina Dinorah Dominga
            Anita_Hannah Isha_Isha
            Jelisa_Jelisa Jemina_Jemima Jessel_Jesselah Jordana_Jordana Jubilea_Jubeltine
            Jazmín_Jasmine Jordana_Jordana 
            Lethe_Lethea
            Morona_Morona 
            Naamah_Naamah Noemí_Naomi Nohemi_Naomi Natali_Natalie    
            Oshira_Oshira 
            Palmira_Palmyra
            Samila_Samila Saríah_Sariah Semíramis_Semiramis Serah_Serah 
            Tempali_Tempalia Tempalia_Tempalia Yasmine_Jasmine Yazmin_Jasmine
            Zenobia_Zenobia Zerúa_Zeruah Ziona_Ziona
		}

		pat_grf_name_chance = 15
		mat_grf_name_chance = 15
		father_name_chance = 20

		pat_grm_name_chance = 15
		mat_grm_name_chance = 15
		mother_name_chance = 20
		
		modifier = default_culture_modifier
	}
}
