###ÄNSI

mesanglo = {
	graphical_cultures = { tuskegeangfx africangfx southindiangfx westerngfx }

	miskito = {
		graphical_cultures = { mesindiogfx southindiangfx africangfx }
		unit_graphical_cultures = { westafricangfx africangfx }




		color = { 0.2 0.8 0.7 }
		
		

		male_names = {
			Abil_Abel Adisman Adulpu_Adolf Adulp_Adolf Ahaks_Ajax Albirt_Albert Alihandru_Alexander Aliksandir_Alexander Alpridu_Alfred Alparis Andriw_Andrew 
			#"Andrew Augustus" "Andrew Cuthbert" "Andrew Frederic" "Andrew Hendy" 
			Antuni_Anthony Antuniu_Anthony Arnuldu_Arnold Arnuld_Arnold Artur_Arthur 
			#"Arthur Jeremy" 
			Arturu_Arthur Astiri_Asterio Astiriu_Asterio Agustu_Augustus Agustus_Augustus 
			#"Augustus Charles" "Augustus Clarence" "Augustus Robert" "Augustus William"
			Bantan Barras Binitu_Benedict Binidit_Benedict Birnar_Bernard 
			Charlis_Charles Charls_Charles "Charles Albert"
			#"Charles George" "Charles Robert" "Charles William" 
			Chunsy_Chauncy Chistir_Chester 
			Duminik_Dominik Dama Danîl_Daniel Daid_David Dabid_David Dily_Dilly Dilsun_Dilson Diunis_Dionysius Diunisiu_Dionysius Durian_Dorian 
			#"Dorian Charles"
			Duan_Duvan Duban_Duvan
			#"Edward Augustus" "Edward Clarence" "Edward Gordon" "Edward Hector" "Edward Robert" 
			Pabiu_Fabio Pransisku_Francis Pransis_Francis Prank_Francis Pridirik_Frederick Prutu_Fruto
			#"George Albert" "George Augustus" "George Cuthbert" "George Frederic" "George Henry" "Gilbert Robert" "Gilbert William" 
			Halstid_Halstead Hannibal Hiktor_Hector Hosî_Joseph  
			#"Hector Robert" "Hector William" 
			Hirimias_Jeremiah Hindy_Hendy Hinry_Henry Hirnaldu_Hernaldo Hirnald_Hernaldo Hiwlitt_Hewlett Hilariu_Hilarius Hubby_Hobby
			Inuch_Enoch Iduar_Edward Idwar_Edward Ian_John Ibihna Ingnasio_Ignatius Isâk_Isaac Imilian_Emilian Inrik_Henry Inrikis_Enriquez Irwin_Erwin Uyini_Eugene Ikskimilin_Exquemelin
			
			# "Jonathan Arthur" "Jonathan Augustus" "Jonathan Charles" "Joseph Miguel" 
			Huan_John Hulian_Julius 
			#"Julian Clarence" 
			Hustu_Justin Hustin_Justin
			Kasii_Casey Kassidy_Cassidy Kervin Krasku Klarins_Clarence Kludumir_Clodomiro Kulman_Coleman Kulbin_Colvin Kurnilius_Cornelius Kurnil_Cornelius Kutbirt_Cuthbert
			Lurinau_Lawrence Lwry_Lowry 
			#"Lowry Robert" 
			Luis_Louis Lutril_Luttrell
			Madal Manuil_Immanuel Mark_Mark Melbin_Melvin Mingel_Michael Maikul_Michael
			#"Maximo Coleman" #"Miguel Coleman" 	
			Murngan_Morgan Murwan_Morgan
			"Murngan Rubirt"
			Niwman_Newman Ngurdun_Gordon Wurdun_Gordon Ngringury_Gregory Ngaibril_Gabriel Ngabrîl_Gabriel Nakili Nihimaia_Nehemiah Nilsun_Nelson Nikarau_Nicarao Nurbirt_Norbert Nurtun_Norton #"Norton Cuthbert" "Norton William"
			Ûpli_Oopli Urlan_Roland Uskar_Oscar Uswald_Oswald Uwin_Owen "Uwin Hindy"
			Pablu_Paul Patrisiu_Patrick Patrik_Patrick Paul_Paul Pidru_Peter Pilipi_Phillip Pilip_Phillip Pirkin_Perkin Pitir_Peter #"Peter Andrew" "Peter Augustus" "Peter Henry" 
			"Pitir Wiliam"
			Rapiki Rabiniu_Raveneau Riynal_Ronald Ringubirt_Rigoberto Rubirt_Robert 
			#"Robert Albert" "Robert Andrew" "Robert Augustus" "Robert Frederick" "Robert Gilbert" "Robert Hendy" "Robert Henry" "Roderick William" 
			Rudriw_Roderick Rudri_Roderick Rubin_Ruben Rubisu Rudil_Rudel
			Sit_Seth Siprian_Ciprian Saycsar "Sean Henry" Sirngiu_Sergius Silbistir_Sylvester Istampur_Stamford Istidman_Steadman Istinnit_Stennett Istipin_Stephen Stipin_Stephen
			Tawanda Tumas_Thomas 
			#"Thomas Lowry" 
			Timuty_Timothy Turibi_Toribio Trilawni_Trelawney Tylas
			Unki Urîl_Uriel Usianu_Usiano
			Balasku_Valazco 
			#"Balasco Hendy" 
			Biktur_Victor Vinsint_Vincent # "Vincent Henry" "Vincent Nelson"
			Wangki Wilingtun_Wellington Wiliam_William  Wilbirt_Gilbert
			"Wiliam Nilsun"
			#"William Andrew" "William Frederic" "William Hendy" "William Nelson"
			Yunatan_Jonathan Yiubany_Geovany Yilbirt_Gilbert  Yiorch_George Yancy Yorrick  Yirimaia_Jeremiah Yaspir_Jasper Yirimy_Jeremiah Yun_John Yims_James Yuakim_Joachim 
		}

		female_names = {
			Adilaid_Adelaide Adilaida_Adelaide Adriana Aiwanisa Angnis_Agnes Alisia_Alice Alis_Alice Angilina_Angela Anna_Anna Arlin_Arlen Ana_Anna
			#"Agnes Anna" "Alice Chantelle" "Alice Elizabeth" "Alice Isabelle" "Alice Marian" "Ana Rivas" "Ana Rosa" 
			Bikturia_Victoria Biulita_Violeta Bîl_Belle Biulît_Violette Birtalina_Bertalina Bianka_Bianca
			#"Belle Lucille" "Belle Victoria" 
			Chantîl_Chantelle Charlût_Charlotte Chiumara_Xiomara
			"Klara Alis" "Clara Fay" "Clara Marian" "Clara Victoria" "Cetruah Marianas" 
			Kristiana_Christina Katrin_Catherine 
			Daisy Dyra_Deyra Dura_Dora # "Dora María"
			Ilîn_Eileen Ilisa_Eliza Ilisabit_Elizabeth 
			"Ilisabit Marian"
			#"Elizabeth Dora" "Elizabeth Julia"  "Elizabeth Teresa" "Elizabeth Useda" "Elizabeth Victoria" 
			Iriil_Eriel
			Fay Firmina_Fermina Flursia_Florcia Flurens_Florence
			Gabrila_Gabriele  Gladys
			Hilin_Helen Huana_Joan Hulia_Julia Huliana_Juliana Hana_Hannah 
			"Hanna Fay"
			#"Hannah Alice" "Hannah Elizabeth"  "Hannah Teresa"
			Ib_Eva Idania Indiana Iris Isabil_Isabelle Iba_Eve Ibi_Eve
			 Klara_Claire Karina Kati Katia Kitura_Keturah Kuka #"Karina Garcia"
			Lusi_Lucia Laya Lila Linda Luti_Lottie Lusil_Lucille Lya
			Marian Mariana_Marianne Margrit_Margaret Madalani_Magdalene Mairin_Marian Margarita_Margaret Marîa_Mary Mingan_Meghan Mari_Mary Marlîn_Marline Marlini_Marline Matilda_Matilda Maura Mabis_Mavis Mirsidis_Mercedes Miranda MirnaMary
			#"Maria Luisa" "Marian Celina" "Marian Fay" #"Mary Belle" "Mary Hannah" "Mary Isabelle" "Mary Julia" "Mary Petra" "Mary Teresa" "Más Allá" 
			Nachali_Nachalie Nastassha_Nastassja Nina_Nena Nura_Nora
			Udili_Odili Ulibia_Olivia #"Odili Sara" 
			Pamila_Pamela Pauni Plura_Flora
			Riyina_Regina Rita Rusa_Rose Rûs_Rose Rusariu_Rosario
			Silina_Celina Sindila_Cendela Sara Silina_Selina Siksa Istar_Star 
			Tilma_Thelma Tirisa_Theresa 
			#"Teresa Belle" "Teresa Isabelle" "Teresa Julia" "Teresa Mary" "Victoria Lucille" "Victoria Margaret" "Victoria Mary" 
			Yasit_Jaseth Yasira_Jasira Yusipa_Josefa Yusipin_Josephine Yiukunda_Gioconda Yaoska Yulanda_Yolanda
		}

		pat_grf_name_chance = 45
		mat_grf_name_chance = 15
		father_name_chance = 30

		pat_grm_name_chance = 40
		mat_grm_name_chance = 10
		mother_name_chance = 40

		modifier = default_culture_modifier
	}

	garinagu = {
		graphical_cultures = { africangfx }
		unit_graphical_cultures = { westafricangfx africangfx }


		color = { 0.1 0.5 0.5 }

		male_names = {
			Abidemi Abiodun Adisman Adolpo_Adolf Ajax Albert_Albert Alejandro_Alexander Alexander_Alexander Alfredo_Alfred Andrew_Andrew Antonio_Anthony Arnoldo_Arnold Arthur_Arthur Artur_Arthur Arturo_Arthur Asterio Augusto_Augustus Augustus_Augustus Ayo
			Bamidele Bantan Barras Beaufort Benito_Benedict Berko Bernard Bloom Breton
			Carlo_Charles Casey Cassidy Chidike Chima Cipriano Clodomiro Colvin Cornelio_Cornelius
			Dama Daniel_Daniel David Dilly Dilson Dionisio_Dionysus Donté Dorian Dubaku Duku Duran Duvalle Duvan
			Earnee Edward_Edward Ekene Elmer Emeka Emiliano Erwin
			Fabio Folami Francisco_Francis Franck_Francis Frederic_Frederick Fruto
			Gabiel George_George Geovany Gilbert_Gilbert Gordito Gordon
			Handy Harry_Harold Hector_Hector Henry_Henry Hernaldo Hilario_Hilarius Hobby Homero_Homer
			Ian Ibihna Ibrahim_Abraham Ignacio_Ignatius Isaac_Isaac
			Jaime_James Jaspar Jean_John Jeremy Jhonny_John Jim_James Joaquin_Joachim Jonathan_Jonathan José_Joseph Joshua_Joshua Juan_John Julian_Julian Justo
			Kervin Kore Korn Krasku Krypto
			Lopez Lorenzo_Lawrence Lowe Luis_Louis Luther
			Madal Mamadou_Muhammad Mansa Manuel_Emmanuel Marc_Mark Melvin Miguel_Michael Morgan
			Nakili Narud Nelson Nicarao Norberto_Norbert Norton
			Obi Olabode Oluchi Omar Oopli Oswaldo_Oswald Owen
			Pablo_Paul Patricio_Patrick Patrick Paul_Paul Pedro_Peter Pelipe_Philip Pentecost Peter_Peter Piquirin
			Ralph Raveneau Reynaldo_Ronald Reynard Rhodes Rigoberto Robert_Robert Rodrigo_Roderick Roy Rubén_Ruben Rubisu
			Salvador_Salvador Sergio_Sergius Shakur Silvestre_Sylvester Spencer Stacker
			Tarn Temitope Teodoro_Theodore Tomas_Thomas Tomo Toribio Tupac Tyson
			Unki Uriel Usiano Uzochi Uzoma
			Vérgin Victor_Victor Vincento_Vincent Virgilio_Virgil
			William Winthrop
			Yando Yaw
			Zander_Alexander Zero Zun
		}

		female_names = {
			Abena Abeni Adelaide Adriana Afia Aiwanisa Akosua Agnes Alaba Alice_Alice Amaka Amara Ana_Anne Angelina_Angela Anna_Anna Arlen
			Belle Bertalina Bianca Bolanle Bosede
			Cendela Chantelle Chidimma Chika Chinyere Chioma Chizoba Clara_Claire Cristiana_Christina
			Daisy Dayo Deyra Dora_Dorothy Dubaku
			Ebele Eileen Ekene Eliza_Elizabeth Elizabeth_Elizabeth Enitan Eriel Estelle
			Farina Fay Florcia Florence Flores Folami Fumnanya
			Gabriela_Gabriele Gioconda Gladiola Gladys
			Hannah
			Idania Idowu Indiana Iris Isabelle_Isabelle Iva
			Jaseth Jasira Joan_Joan Josepa Juana_Joan Julia_Julia Juliana
			Karina Kati Katia Kayin Kuka Kunto
			Laya Lila Linda Lucille Lumusi Lya
			María_Mary Marian_Marianne Marie_Mary Marline Mary_Mary Matilda_Matilda Maura Mavis Mercedes Mildred Miranda Mirna
			Nachalie Nastassja Nena Nkechi Nkiru Nora Nsia Nwanneka
			Ogechi Olayinka Olivia Omolara Oni Onyeka Opeyemi
			Pamela Pauni Plora
			Regina Rita Rochelle Rosa_Rose Rosario
			Sara Samara Scarlette Selina Shakira Shantall Siksa Simisola Star
			Tasha Teresa_Theresa Thelma Thema Titilayo
			Uduak Uzoma
			Victoria_Victoria Violeta_Violet
			Xara Xiomara
			Yaoska Yewande Yolanda
			Zana
		}

		pat_grf_name_chance = 45
		mat_grf_name_chance = 15
		father_name_chance = 30

		pat_grm_name_chance = 40
		mat_grm_name_chance = 10
		mother_name_chance = 40

		modifier = default_culture_modifier
	}

	kriol = {
		graphical_cultures = { africangfx }
		unit_graphical_cultures = { westafricangfx africangfx }


		color = { 0.3 0.7 0.6 }

		male_names = {
			Aaron_Aaron Adam_Adam Adrian_Adrian Ajay Alan_Alan Albert_Albert Alexander_Alexander Alexis Alfred_Alfred Andre_Andrew Andrew_Andrew Angel_Angel Antonio_Anthony Arlen Arlie Arthur_Arthur Aston Augustus_Augustus Avery Azeem
			Bernard_Bernard Boombay Brandon
			Cadle Carl_Charles Charles_Charles Charlie_Charles Chester Chito Clifford Colin Colville Curl_Charles Cuthbert
			Dale Daniel_Daniel Darwin Dean Delvin Denfield Deon Donald Donovan Dorien 
			Eamon Eddie_Edward Edison Edric Eduardo_Edward Edward_Edward Edwuardo_Edward Elijah Elijio_Elijah Elio Ellis Emil_Aemilius Emilio_Aemilius Emmeth_Emmett Emory Estevan_Stephen Evan 
			Florencio Francis_Francis Frederick_Frederick
			Gabriel_Gabriel Gardiner George_George Gerald Gian Godfrey Gregorio_Gregory
			Harley Harrison Henry_Henry Herbert_Herbert Herman Hubert Huestes
			Ira Ivan_John
			Jaime Jamaal_Jamal Jamal_Jamal James_James Jaylon Jesus_Jesus John_John Johnathan_Jonathan Jose_John Joseph_Joseph Juan_John
			Kaylon Keith Ketchell
			Lee Lenney Leopold Leroy Leslie Lloyd Lorenzo_Lawrence Ludin Ludwig_Louis
			Manuel_Emmanuel Marc_Mark Marcial Marcus_Mark Mark_Mark Markiss_Mark Maurice Maxime Maxwell Michael_Michael Miller Milton Mison Monrad Moses_Moses Muir
			Neil_Neil Nelson Nestor Nicholas_Nicholas Nigel Norman Nugent
			Omar Oscar Osmond
			Patrick_Patrick Paul_Paul Pen Peter_Peter Philip_Philip Pierre_Peter
			Quentin
			Rafael_Raphael Rakeem Raymond_Raymond Reynolds Richard_Richard Robert_Robert Rodwell Ronald Russell
			Said Samuel_Samuel Selwyn Seymour Shyne Sigfried Smyth Stanley Steven_Stephen Swayne
			Tariq Theodore_Theodore Thomas_Thomas Tucker
			Valdemar_Vladimir Vernon
			Walford Wellington Wilfred William_William Woldrich
			Xavier_Xavier
			Yasser
		}

		female_names = {
			Adela_Adelia Adele_Adelia Alana Alice_Alice Almira Amal Angela_Angela Arana Areli Armeid Ashanti Aurora_Aurora Aurore_Aurora
			Brandy Brianna
			Candice Candy Carmen Carolyn Chanel Chantel Charmaine Cheryl Cindy Cleopatra Corinth Crystal Cynthia
			Deangela Deidra Delsia Delvondra Destinee Dolores Doretta Dylcia
			Edith Elizabeth_Elizabeth Elaine Elfreda Ellen Elmira Emma Esmeralda Estelle Esther_Esther
			Felicia Felicita Frances Francis
			Gabrielle_Gabriele Gilma Giovanna Giselle Gladys Glenda Gwendolyn
			Imeon Indira
			Jamie Jenet Juanita
			Kadijah Kaina Kalilah Karina Katheryne_Catherine Kay Kendra
			Lilliana_Lillian Linda Lisa Lois Lola Lorena Loreni Lorraine Lucerito Luisa_Louise Lynn
			Malee Maria_Mary Marion Marlenie Mayra Melonie Michelle Mila Minita Monique_Monica
			Nadia Nora
			Patricia_Patricia
			Raquel Rosanna_Roseanne
			Saidy Samantha Sandra_Alexandra Shalini Shaniqua Sharon Sherdrian Shirlene Sylvia
			Theodora_Theodora Tricia
			Valda Vanessa Victoria_Victoria Vivien
			Ycela Yesenia Yolanda
			Zee Zelma Zenaida
		}

		pat_grf_name_chance = 45
		mat_grf_name_chance = 15
		father_name_chance = 30

		pat_grm_name_chance = 40
		mat_grm_name_chance = 10
		mother_name_chance = 40
		
		seafarer = yes
		modifier = default_culture_modifier
	}
	
	raizal = {
		graphical_cultures = { africangfx }
		unit_graphical_cultures = { westafricangfx africangfx }


		color = { 0.15 0.55 0.45 }

		male_names = {
			Achito Adolfo_Adolf Agustín_Augustine Ajani Albeiro Aldo Alejandro_Alexander Alessandro_Alexander Alexander_Alexander Alexis Allman Almirante Álvaro_Alvaro Amaranto Andrés_Andrew Ántony_Anthony Anuar Aquivaldo Arley Arnabdi Arnoldo_Arnold Arnulfo_Arnulf Avimiled
			Belmer Bernardo_bernard Brayan Bréiner Breyner
			Camilo_Camille Carlos_Charles Cazembe César_Caesar Charles_Charles Cristhian_Christian
			Daley Darwin Davis Dayro Deivy Diego Donald Dumas
			Eder Edgar Édison_Edison Edixon Eduardo_Edward Edwin Eisner Elkin Elson Elvis Emerson Ervin Erwin Eudalio Eusebio_Eusebius Ever
			Fabián_Fabian Faider Farid Faustino_Faustin Felipe_Philip Franco_Francis Fulgencio
			Gabriel_Gabriel Geovanis_John Gerardo_Gerard Germán_Germanus Gilberto_Gilbert Gildardo Giovanni_John Gonzalo_Gonzalo Gustavo_Gustav
			Hanyer Hárrison Hector_Hector Héctor_Hector Henry_Henry "Henry Morgan" Hermes Hernán_Hernan Hernando_Hernan Hilario_Hilarius Hugo_Hugh Humberto_Humbert
			Ignacio Irie Iván
			Jair Jairo Jamell James_James Jámison Jarol Javier_Xavier Jefferson Jeison_jason Jersson Jesús_Jesus Jherson Jhoan Jhonny_John John_John Johnnier Jorge_George José_Joseph Joseph_Joseph Josimar Juan_John Julián_Julian
			Kestneel
			Leiton Leonardo_Leonard Leonel Libis Lionard_Leonard Luciano_Lucian Lucio_Lucius Luis_Louis
			Manuel_Emmanuel Marco Mario Martín_Martin Mauricio Mauro Mayer Michael_Michael Miguel_Michael Morgan
			Neco Neider Nelson Néstor Nicolas_Nicholas Nilson Níver Nixon Nolberto Núñez
			Olmes Omar Orlando_Roland Óscar_Oscar Osman Oswaldo_Oswald
			Pablo_Paul Pajarito Pedro_Peter
			Radamel Rafael_Raphael Raúl_Ralph René_Rene Ricardo_Richard Roberto_Robert Roger Rojas Rubén_Ruben Rubiel
			Santander Santiago Sergio_Sergius Silvio_Silvius Simone_Simon Stalin Stefan_Stephen
			Teófilo_Theophilus Theodore_Theodore Tino Tressor Vicente_Vincent Victor_Victor Viveros
			William_William Wilmer
			Yair Yamith Yeison Yimmi Yohn_John Yoiver Yovanny Yoximar Yuber Yulián_Julian
			Zapata Zuluaga Zúñiga
		}

		female_names = {
			Adriana Aldanae Alejandra_Alexandra Alexandra_Alexandra Alina Ana_Anna Andrea Ángela_Angela Aura Ayanna
			Banzanta Beatriz
			Carmen Catalina Catherine_Catherine Claudia Clelia
			Daniella_Danielle Deisy Dejone Denayja Diana Diedra Doris
			Eileen Elena Elida Elisa Ella Elsa Erika Esneda Esther Eulette
			Fabiola Fernanda
			Inisha Isabel_Isabelle Ivonne_Yvonne
			Janiel Jeisyl Jelinda Jessenia Jessica_Jessica Josefina_Josephine Julie_Julia
			Kadisha Karen Kedian Kenniesha Kiara
			Laura Leydi Ligia Liliana_Lillian Lina Lisney Lizeth Lorena Lucía_Lucy Luna
			Mabel Makeema Marcela Margarita_Margaret María_Mary Mariana_Marianne Marín Marlyn Marta Martha Matilde_Matilda Melissa Michelle Mitzu Mónica_monica Myriam
			Natalia Nazli Neonor Nini
			Palencia Paola Patricia Paula Paulina Piedad Pilart
			Regina Rita Roca Rocío
			Sandra_Alexandra Sangretta Sara_Sarah Sasheika Serika Shabea Shellyann Sherica Shevedean Siad Silvia Sonia Stephanie_Stephanie Susana_Susan
			Taliana Tania Thael Totó Tremoya
			Valencia Valerie Vanessa Verónica_Veronica Victoria_Victoria Viviana_Vivien
			Ximena
			Yineth Yoreli Yuliana_Juliana
			Zuleika Zuleima Zuluaga
		}

		from_dynasty_prefix = "de "

		male_patronym = "ez"
		female_patronym = "ez"
		grammar_transform = spanish

		pat_grf_name_chance = 45
		mat_grf_name_chance = 15
		father_name_chance = 30

		pat_grm_name_chance = 40
		mat_grm_name_chance = 10
		mother_name_chance = 40
		
		seafarer = yes
		modifier = default_culture_modifier
	}
	
	rama = {
		graphical_cultures = { mesindiogfx southindiangfx africangfx }
		unit_graphical_cultures = { westafricangfx africangfx }




		color = { 0.4682 0.2484 0.2834 }
		
		

		male_names = {
			Abil_Abel Adisman Adulpu_Adolf Adulp_Adolf Ahaks_Ajax Albirt_Albert Alihandru_Alexander Aliksandir_Alexander Alpridu_Alfred Alparis Andriw_Andrew 
			#"Andrew Augustus" "Andrew Cuthbert" "Andrew Frederic" "Andrew Hendy" 
			Antuni_Anthony Antuniu_Anthony Arnuldu_Arnold Arnuld_Arnold Artur_Arthur 
			#"Arthur Jeremy" 
			Arturu_Arthur Astiri_Asterio Astiriu_Asterio Agustu_Augustus Agustus_Augustus 
			#"Augustus Charles" "Augustus Clarence" "Augustus Robert" "Augustus William"
			Bantan Barras Binitu_Benedict Binidit_Benedict Birnar_Bernard 
			Charlis_Charles Charls_Charles "Charles Albert"
			#"Charles George" "Charles Robert" "Charles William" 
			Chunsy_Chauncy Chistir_Chester 
			Duminik_Dominik Dama Danîl_Daniel Daid_David Dabid_David Dily_Dilly Dilsun_Dilson Diunis_Dionysius Diunisiu_Dionysius Durian_Dorian 
			#"Dorian Charles"
			Duan_Duvan Duban_Duvan
			#"Edward Augustus" "Edward Clarence" "Edward Gordon" "Edward Hector" "Edward Robert" 
			Pabiu_Fabio Pransisku_Francis Pransis_Francis Prank_Francis Pridirik_Frederick Prutu_Fruto
			#"George Albert" "George Augustus" "George Cuthbert" "George Frederic" "George Henry" "Gilbert Robert" "Gilbert William" 
			Halstid_Halstead Hannibal Hiktor_Hector Hosî_Joseph  
			#"Hector Robert" "Hector William" 
			Hirimias_Jeremiah Hindy_Hendy Hinry_Henry Hirnaldu_Hernaldo Hirnald_Hernaldo Hiwlitt_Hewlett Hilariu_Hilarius Hubby_Hobby
			Inuch_Enoch Iduar_Edward Idwar_Edward Ian_John Ibihna Ingnasio_Ignatius Isâk_Isaac Imilian_Emilian Inrik_Henry Inrikis_Enriquez Irwin_Erwin Uyini_Eugene Ikskimilin_Exquemelin
			
			# "Jonathan Arthur" "Jonathan Augustus" "Jonathan Charles" "Joseph Miguel" 
			Huan_John Hulian_Julius 
			#"Julian Clarence" 
			Hustu_Justin Hustin_Justin
			Kasii_Casey Kassidy_Cassidy Kervin Krasku Klarins_Clarence Kludumir_Clodomiro Kulman_Coleman Kulbin_Colvin Kurnilius_Cornelius Kurnil_Cornelius Kutbirt_Cuthbert
			Lurinau_Lawrence Lwry_Lowry 
			#"Lowry Robert" 
			Luis_Louis Lutril_Luttrell
			Madal Manuil_Immanuel Mark_Mark Melbin_Melvin Mingel_Michael Maikul_Michael
			#"Maximo Coleman" #"Miguel Coleman" 	
			Murngan_Morgan Murwan_Morgan
			"Murngan Rubirt"
			Niwman_Newman Ngurdun_Gordon Wurdun_Gordon Ngringury_Gregory Ngaibril_Gabriel Ngabrîl_Gabriel Nakili Nihimaia_Nehemiah Nilsun_Nelson Nikarau_Nicarao Nurbirt_Norbert Nurtun_Norton #"Norton Cuthbert" "Norton William"
			Ûpli_Oopli Urlan_Roland Uskar_Oscar Uswald_Oswald Uwin_Owen "Uwin Hindy"
			Pablu_Paul Patrisiu_Patrick Patrik_Patrick Paul_Paul Pidru_Peter Pilipi_Phillip Pilip_Phillip Pirkin_Perkin Pitir_Peter #"Peter Andrew" "Peter Augustus" "Peter Henry" 
			"Pitir Wiliam"
			Rapiki Rabiniu_Raveneau Riynal_Ronald Ringubirt_Rigoberto Rubirt_Robert 
			#"Robert Albert" "Robert Andrew" "Robert Augustus" "Robert Frederick" "Robert Gilbert" "Robert Hendy" "Robert Henry" "Roderick William" 
			Rudriw_Roderick Rudri_Roderick Rubin_Ruben Rubisu Rudil_Rudel
			Sit_Seth Siprian_Ciprian Saycsar "Sean Henry" Sirngiu_Sergius Silbistri_Sylvester Istampur_Stamford Istidman_Steadman Istinnit_Stennett Istipin_Stephen Stipin_Stephen
			Tawanda Tumas_Thomas 
			#"Thomas Lowry" 
			Timuty_Timothy Turibi_Toribio Trilawni_Trelawney Tylas
			Unki Urîl_Uriel Usianu_Usiano
			Balasku_Valazco 
			#"Balasco Hendy" 
			Biktur_Victor Vinsint_Vincent # "Vincent Henry" "Vincent Nelson"
			Wangki Wilingtun_Wellington Wiliam_William  Wilbirt_Gilbert
			"Wiliam Nilsun"
			#"William Andrew" "William Frederic" "William Hendy" "William Nelson"
			Yunatan_Jonathan Yiubany_Geovany Yilbirt_Gilbert  Yiorch_George Yancy Yorrick  Yirimaia_Jeremiah Yaspir_Jasper Yirimy_Jeremiah Yun_John Yims_James Yuakim_Joachim 
		}

		female_names = {
			Adilaid_Adelaide Adilaida_Adelaide Adriana Aiwanisa Angnis_Agnes Alisia_Alice Alis_Alice Angilina_Angela Anna_Anna Arlin_Arlen Ana_Anna
			#"Agnes Anna" "Alice Chantelle" "Alice Elizabeth" "Alice Isabelle" "Alice Marian" "Ana Rivas" "Ana Rosa" 
			Bikturia_Victoria Biulita_Violeta Bîl_Belle Biulît_Violette Birtalina_Bertalina Bianka_Bianca
			#"Belle Lucille" "Belle Victoria" 
			Chantîl_Chantelle Charlût_Charlotte Chiumara_Xiomara
			"Klara Alis" "Clara Fay" "Clara Marian" "Clara Victoria" "Cetruah Marianas" 
			Kristiana_Christina Katrin_Catherine 
			Daisy Dyra_Deyra Dura_Dora # "Dora María"
			Ilîn_Eileen Ilisa_Eliza Ilisabit_Elizabeth 
			"Ilisabit Marian"
			#"Elizabeth Dora" "Elizabeth Julia"  "Elizabeth Teresa" "Elizabeth Useda" "Elizabeth Victoria" 
			Iriil_Eriel
			Fay Firmina_Fermina Flursia_Florcia Flurens_Florence
			Gabrila_Gabriele  Gladys
			Hilin_Helen Huana_Joan Hulia_Julia Huliana_Juliana Hana_Hannah 
			"Hanna Fay"
			#"Hannah Alice" "Hannah Elizabeth"  "Hannah Teresa"
			Ib_Eva Idania Indiana Iris Isabil_Isabelle Iba_Eve Ibi_Eve
			 Klara_Claire Karina Kati Katia Kitura_Keturah Kuka #"Karina Garcia"
			Lusi_Lucia Laya Lila Linda Luti_Lottie Lusil_Lucille Lya
			Marian Mariana_Marianne Margrit_Margaret Madalani_Magdalene Mairin_Marian Margarita_Margaret Marîa_Mary Mingan_Meghan Mari_Mary Marlîn_Marline Marlini_Marline Matilda_Matilda Maura Mabis_Mavis Mirsidis_Mercedes Miranda MirnaMary
			#"Maria Luisa" "Marian Celina" "Marian Fay" #"Mary Belle" "Mary Hannah" "Mary Isabelle" "Mary Julia" "Mary Petra" "Mary Teresa" "Más Allá" 
			Nachali_Nachalie Nastassha_Nastassja Nina_Nena Nura_Nora
			Udili_Odili Ulibia_Olivia #"Odili Sara" 
			Pamila_Pamela Pauni Plura_Flora
			Riyina_Regina Rita Rusa_Rose Rûs_Rose Rusariu_Rosario
			Silina_Celina Sindila_Cendela Sara Silina_Selina Siksa Istar_Star 
			Tilma_Thelma Tirisa_Theresa 
			#"Teresa Belle" "Teresa Isabelle" "Teresa Julia" "Teresa Mary" "Victoria Lucille" "Victoria Margaret" "Victoria Mary" 
			Yasit_Jaseth Yasira_Jasira Yusipa_Josefa Yusipin_Josephine Yiukunda_Gioconda Yaoska Yulanda_Yolanda
		}

		pat_grf_name_chance = 45
		mat_grf_name_chance = 15
		father_name_chance = 30

		pat_grm_name_chance = 40
		mat_grm_name_chance = 10
		mother_name_chance = 40

		modifier = default_culture_modifier
	}
	mayangna  = {
		graphical_cultures = { mesindiogfx southindiangfx africangfx }
		unit_graphical_cultures = { westafricangfx africangfx }




		color = { 0.2006 0.3438 0.4556 }
		
		

		male_names = {
			Adriân_Adrian Auriliu_Aurelius Anibal Abil_Abel Adulpu_Adolf Albirtu_Albert Alihandru_Alexander Alpridu_Alfred Alparis Andris_Andrew Antuniu_Anthony Arnuldu_Arnold Arturu_Arthur 
			Astiriu_Asterio Augustu_Augustus 
			Bantan Barras Binitu_Benedict Birnardu_Bernard 
			Karlus_Charles
			Dumingu_Dominik Danîl_Daniel Daîd_David Dabid_David Diunisiu_Dionysius 
			Pabiu_Fabio Pransisku_Francis Piridiku_Frederick Prutu_Fruto
			Haimi_James Hosî_Joseph Hirimias_Jeremiah 
			Ilariu_Hilarius Irnaldu_Hernaldo Inriki_Henry Iktor_Hector Inuch_Enoch Iduardu_Edward Ingnasiu_Ignatius Isâk_Isaac Imilianu_Emilian Inrikis_Enriquez Iuhiniu_Eugene
			Huakin_Joachim  Hirimîas_Jeremiah Hurhi_George Hilbirtu_Gilbert Huân_John Huliân_Julius Hustu_Justin Hustin_Justin
			Klarinsiu_Clarence Kludumiru_Clodomiro Kurniliu_Cornelius 
			Lurensu_Lawrence Lwry_Lowry Luis_Louis 
			Manuil_Immanuel Marku_Mark Mingel_Michael Marselu_Marcial
			Ngilîrmu_William Ngriguriu_Gregory Ngabrîl_Gabriel Nikulâs_Nicholas 
			Ûpli_Oopli Urlandu_Roland Rulandu_Roland Uskar_Oscar Usbaldu_Oswald
			Pablu_Paul Patrisiu_Patrick Paulu_Paul Pidru_Peter Pilipi_Phillip 
			Rapiki Rînaldu_Ronald Ringubirtu_Rigoberto Rubirtu_Robert 
			Rudringu_Roderick Rubîn_Ruben
			Silistinu_Celestine Siprianu_Ciprian Sirhiu_Sergius Silbistri_Sylvester Istiban_Stephen
			Tumâs_Thomas 
			Timutîu_Timothy Turibiu_Toribio
			Unki Urîl_Uriel Usianu_Usiano
			Balasku_Valazco 
			Biktur_Victor Vinsinti_Vincent
			Wangki Wilbirt_Gilbert Wilîrmu_William
			
		}

		female_names = {
			Adilaid_Adelaide Adilaida_Adelaide Adriana Aiwanisa Angnis_Agnes Alisia_Alice Alis_Alice Angilina_Angela Anna_Anna Arlin_Arlen Ana_Anna
			#"Agnes Anna" "Alice Chantelle" "Alice Elizabeth" "Alice Isabelle" "Alice Marian" "Ana Rivas" "Ana Rosa" 
			Bikturia_Victoria Biulita_Violeta Bîl_Belle Biulît_Violette Birtalina_Bertalina Bianka_Bianca
			#"Belle Lucille" "Belle Victoria" 
			Chantîl_Chantelle Charlût_Charlotte Chiumara_Xiomara
			"Klara Alis" "Clara Fay" "Clara Marian" "Clara Victoria" "Cetruah Marianas" 
			Kristiana_Christina Katrin_Catherine 
			Daisy Dyra_Deyra Dura_Dora # "Dora María"
			Ilîn_Eileen Ilisa_Eliza Ilisabit_Elizabeth 
			"Ilisabit Marian"
			#"Elizabeth Dora" "Elizabeth Julia"  "Elizabeth Teresa" "Elizabeth Useda" "Elizabeth Victoria" 
			Iriil_Eriel
			Fay Firmina_Fermina Flursia_Florcia Flurens_Florence
			Gabrila_Gabriele  Gladys
			Hilin_Helen Huana_Joan Hulia_Julia Huliana_Juliana Hana_Hannah 
			"Hanna Fay"
			#"Hannah Alice" "Hannah Elizabeth"  "Hannah Teresa"
			Ib_Eva Idania Indiana Iris Isabil_Isabelle Iba_Eve Ibi_Eve
			 Klara_Claire Karina Kati Katia Kitura_Keturah Kuka #"Karina Garcia"
			Lusi_Lucia Laya Lila Linda Luti_Lottie Lusil_Lucille Lya
			Marian Mariana_Marianne Margrit_Margaret Madalani_Magdalene Mairin_Marian Margarita_Margaret Marîa_Mary Mingan_Meghan Mari_Mary Marlîn_Marline Marlini_Marline Matilda_Matilda Maura Mabis_Mavis Mirsidis_Mercedes Miranda MirnaMary
			#"Maria Luisa" "Marian Celina" "Marian Fay" #"Mary Belle" "Mary Hannah" "Mary Isabelle" "Mary Julia" "Mary Petra" "Mary Teresa" "Más Allá" 
			Nachali_Nachalie Nastassha_Nastassja Nina_Nena Nura_Nora
			Udili_Odili Ulibia_Olivia #"Odili Sara" 
			Pamila_Pamela Pauni Plura_Flora
			Riyina_Regina Rita Rusa_Rose Rûs_Rose Rusariu_Rosario
			Silina_Celina Sindila_Cendela Sara Silina_Selina Siksa Istar_Star 
			Tilma_Thelma Tirisa_Theresa 
			#"Teresa Belle" "Teresa Isabelle" "Teresa Julia" "Teresa Mary" "Victoria Lucille" "Victoria Margaret" "Victoria Mary" 
			Yasit_Jaseth Yasira_Jasira Yusipa_Josefa Yusipin_Josephine Yiukunda_Gioconda Yaoska Yulanda_Yolanda
		}

		pat_grf_name_chance = 45
		mat_grf_name_chance = 15
		father_name_chance = 30

		pat_grm_name_chance = 40
		mat_grm_name_chance = 10
		mother_name_chance = 40

		modifier = default_culture_modifier
	}

	guaymi  = { #wip
		graphical_cultures = { mesindiogfx southindiangfx africangfx }
		unit_graphical_cultures = { westafricangfx africangfx }

		dukes_called_kings = yes


		color = { 0.100 0.7438 0.4556 }
		
		

		male_names = {
			Abdiel Andrés_Andrew Ángel_Angel Alejandro_Alexander
			Benito_Benedict Bernardo_Bernard Bäkwirü Bäkana Bärü
			Cristian_Christian Carlos_Charles
			David Dükwe
			Emilio_Aemilius Eduardo_Edward
			Fernando_Ferdinand Francisco_Francis Felipe_Philip
			Gabriel_Gabriel
			Hernán_Hernan
			Ismael	Ikari Ikalü
			Julián_Julian José_Joseph Javier_Xavier
			Kevin Kankwira Käkui
			Leandro_Leander Luis_Louis
			Manuel_Emmanuel
			Nelson Nibaldo Nükwana
			Octavio_Octavius Omar
			Pedro_Peter Päkünä
			Rafael_Raphael Roberto_Robert Raúl_Ralph Ricardo_Richard
			Sergio_Sergius
			Tomás_Thomas
			Ulises_Ulysses
			Wainä	
		
		}

		female_names = {
			
			
			Amalia Ana_Anna Adriana 
			Bëlika Bäkwiwala Bäka Besikö Beatriz 
			Chavela Carmen Catalina
			Dalia Düyä Daniela_Danielle
			Erika Elena_Helen Esperanza Emilce
			Florinda
			Gisela_Giselle Gabriela_Gabriele
			Irma Isabel_Isabelle
			Juana_Joan Julia_Julia
			Kati Keti Kuyuna Kanära
			Leticia Laura Lucía_Lucy Lorena
			Marcela María_Mary Marta_Martha
			Natalia Nita Nükwana Nürüwi Näkwirü
			Olinda
			Patricia Päkuara 
			Romina Rosa_Rose
			Suyapa Silvia Shadia Susana_Susan Sofía_Sophie
			Teresa
			Úrsula_Ursula
			Valentina_Valentine Victoria
			Wanda
			Yolanda
		}

		pat_grf_name_chance = 45
		mat_grf_name_chance = 15
		father_name_chance = 30

		pat_grm_name_chance = 40
		mat_grm_name_chance = 10
		mother_name_chance = 40

		modifier = default_culture_modifier
	}


	guna  = { #wip
		graphical_cultures = { mesindiogfx southindiangfx africangfx }
		unit_graphical_cultures = { westafricangfx africangfx }

		dukes_called_kings = yes
		seafarer=yes

		color = { 0.6941, 0.3490, 0.5569 }
		
	

		male_names = {
			Aiban Alejandro_Alexander
			Baglibe Balibeler Biler Binagdi Binagdiginya Bugasu Bugsu Burnaggiler Bedro_Peter Benito_Benedict Bernardo_Bernard
			Carlos_Charles
			Debiliginya Diebiginya Diegi Dieli Dilla Dillagun Dinabaler Dinigibaler Dinselibbi Dogia Doginyaler Duali Dualgibbi Dubiginya Dugibler Dugge Dummi Dunagalib David Domás_Thomas
			Ebiginya Edibbiler Edinibbiler Eliginya Emilio_Aemilius Eduardo_Edward
			Fernando_Ferdinand Francisco_Francis Felipe_Philip
			Gaglibbiler Galib Galibe Galub Gana Garban Garman Gibdeginya Ginya Giwiggaler Giwigun Gubiler Gugni Gunabaler Gunaliler Gungi Gungiler Gwani Gabriel_Gabriel
			Hernán_Hernan
			Ibaggiler Ibe Ibler Igoliginya Iguanape Iguaiginape Iguayokiler Igwa Inadikilele Inaidur Inweliler Iwinabbi Ismael
			Julián_Julian José_Joseph Javier_Xavier
			Kevin
			Leandro_Leander Luis_Louis
			Maili Masar Manuel_Emmanuel
			Nadduliler Naggigunabbiler Naggiler Nagia Nagibler Nagiler Naiggabaler Naiggaler Nideli Nigdi Niew Nugna Nugnabbiler Nusamaggaler Nelson Nibaldo 
			Odelibbi Ogan Ogebib Oginyabbi Oginyabbiler Oller Onibbiler Orgun Octavio_Octavius Omar
			Rafael_Raphael Roberto_Robert Raúl_Ralph Ricardo_Richard
			Salubib Sugge Sunnibe Sunnibeler Sergio_Sergius
			Urguna Urgunabaler Ugunaliler Uudur	Ulises_Ulysses
			Wagibler Wagun Waibbiler Wiga Wigabibbiler Wigaler Wigaliler Wigibaler Wiginabbiler Wigun	
		
		}

		female_names = {
			
			Amalia Ana_Anna Adriana 
			Bëlika Bäkwiwala Bäka Beatriz 
			Chavela Carmen Catalina
			Dalia Düyä Daniela_Danielle
			Erika Elena_Helen Esperanza
			Florinda
			Gisela_Giselle Gabriela_Gabriele
			Irma Isabel_Isabelle
			Juana_Joan Julia_Julia
			Gati
			Leticia Laura Lucía_Lucy Lorena
			Marcela María_Mary Marta_Martha
			Natalia Nita Nükwana Nürüwi Näkwirü
			Olinda
			Batricia_Patricia 
			Romina Rosa_Rose
			Suyapa Silvia Shadia Susana_Susan Sofía_Sophie
			Deresa_Teresa
			Úrsula_Ursula
			Valentina_Valentine Victoria
			Wanda
			Yolanda
		}
		
		pat_grf_name_chance = 45
		mat_grf_name_chance = 15
		father_name_chance = 30

		pat_grm_name_chance = 40
		mat_grm_name_chance = 10
		mother_name_chance = 40
		

		modifier = default_culture_modifier
	}
}